
Fu Xuan,char_fu_xuan
Acheron,char_acheron
Argenti,char_argenti
Arlan,char_arlan
Asta,char_asta
Aventurine,char_aventurine
Bailu,char_bailu
Black Swan,char_black_swan
Blade,char_blade
Boothill,char_boothill
Bronya,char_bronya
Clara,char_clara
Dan Heng,char_dan_heng
Dan Heng Imbibitor Lunae,char_dan_heng_imbibitor_lunae
Dr Ratio,char_dr_ratio
Firefly,char_firefly
Gallagher,char_gallagher
Gepard,char_gepard
Guinaifen,char_guinaifen
Hanya,char_hanya
Herta,char_herta
Himeko,char_himeko
Hook,char_hook
Huohuo,char_huohuo
Jing Yuan,char_jing_yuan
Jingliu,char_jingliu
Kafka,char_kafka
Luka,char_luka
Luocha,char_luocha
Lynx,char_lynx
March 7th,char_march_7th
Misha,char_misha
Natasha,char_natasha
Pela,char_pela
Qingque,char_qingque
Robin,char_robin
Ruan Mei,char_ruan_mei
Sampo,char_sampo
Seele,char_seele
Serval,char_serval
Silver Wolf,char_silver_wolf
Sparkle,char_sparkle
Sushang,char_sushang
Tingyun,char_tingyun
Topaz and Numby,char_topaz_and_numby
Trailblazer,char_trailblazer
Welt,char_welt
Xueyi,char_xueyi
Yanqing,char_yanqing
Yukong,char_yukong
